{
  "symptom": {
    "precision": 0.7,
    "recall": 1.0,
    "f1-score": 0.8235294117647058,
    "support": 7,
    "confused_with": {}
  },
  "micro avg": {
    "precision": 0.7,
    "recall": 1.0,
    "f1-score": 0.8235294117647058,
    "support": 7
  },
  "macro avg": {
    "precision": 0.7,
    "recall": 1.0,
    "f1-score": 0.8235294117647058,
    "support": 7
  },
  "weighted avg": {
    "precision": 0.7,
    "recall": 1.0,
    "f1-score": 0.8235294117647058,
    "support": 7
  },
  "accuracy": 0.9976993865030674
}